{
  "violation_rate": 0.0,
  "collision_rate": 0.0,
  "mean_drift": 12.460323347013007,
  "p95_drift": 28.23382779702785,
  "mean_latency_ms": 0.0346317065123003
}