{
  "violation_rate": 0.74,
  "collision_rate": 0.0,
  "mean_drift": 9.907123813212477,
  "p95_drift": 21.173835466503668,
  "mean_latency_ms": 10.317728079826338
}