{
  "violation_rate": 0.89,
  "collision_rate": 0.0,
  "mean_drift": 14.428808491134726,
  "p95_drift": 48.3660823615673,
  "mean_latency_ms": 10.016610823950032
}