{
  "violation_rate": 0.0,
  "collision_rate": 0.0,
  "mean_drift": 11.70060587403928,
  "p95_drift": 20.199466359005985,
  "mean_latency_ms": 0.035517489595804363
}