{
  "violation_rate": 0.0,
  "collision_rate": 0.0,
  "mean_drift": 11.823199570719828,
  "p95_drift": 20.589637975113156,
  "mean_latency_ms": 0.03462314445641823
}