{
  "violation_rate": 0.835,
  "collision_rate": 0.0,
  "mean_drift": 14.200831051525308,
  "p95_drift": 30.649346379461978,
  "mean_latency_ms": 9.782270029973006
}