{
  "violation_rate": 0.0,
  "collision_rate": 0.0,
  "mean_drift": 9.950614734852993,
  "p95_drift": 21.051516517901838,
  "mean_latency_ms": 0.035539581440389156
}