{
  "violation_rate": 0.925,
  "collision_rate": 0.0,
  "mean_drift": 11.32366328357873,
  "p95_drift": 36.52201736799884,
  "mean_latency_ms": 9.983623949228786
}