group_a,group_b,u_stat,p_value,cliffs_delta
gate_fallback,none,900.0,1.2117803970059759e-12,1.0
gate_fallback,project,260.0,0.0050842217236440855,-0.4222222222222222
none,project,0.0,1.2117803970059759e-12,-1.0
