{
  "violation_rate": 0.0,
  "collision_rate": 0.0,
  "mean_drift": 11.238343977480993,
  "p95_drift": 30.43500077006356,
  "mean_latency_ms": 0.03538335848134011
}