{
  "violation_rate": 0.765,
  "collision_rate": 0.0,
  "mean_drift": 8.641733750033593,
  "p95_drift": 15.640790115784403,
  "mean_latency_ms": 9.166494190285448
}