{
  "violation_rate": 1.0,
  "collision_rate": 1.0,
  "mean_drift": 9.561778189512207,
  "p95_drift": 21.34027334293536,
  "mean_latency_ms": 0.03781665029237047
}