{
  "violation_rate": 0.74,
  "collision_rate": 0.0,
  "mean_drift": 12.067806921121711,
  "p95_drift": 24.964067397261037,
  "mean_latency_ms": 9.474031054996885
}