{
  "violation_rate": 0.84,
  "collision_rate": 0.0,
  "mean_drift": 12.192326228521058,
  "p95_drift": 24.048263419653033,
  "mean_latency_ms": 9.663762889249483
}