{
  "violation_rate": 0.0,
  "collision_rate": 0.0,
  "mean_drift": 13.510188617744669,
  "p95_drift": 18.93217149949563,
  "mean_latency_ms": 0.034745034063234925
}