{
  "violation_rate": 0.0,
  "collision_rate": 0.0,
  "mean_drift": 16.421310413854123,
  "p95_drift": 26.663717497565873,
  "mean_latency_ms": 0.03530520465574227
}