{
  "violation_rate": 0.84,
  "collision_rate": 0.0,
  "mean_drift": 11.265261802991107,
  "p95_drift": 37.20610998380239,
  "mean_latency_ms": 9.76000706999912
}