{
  "violation_rate": 0.0,
  "collision_rate": 0.0,
  "mean_drift": 8.439323295639738,
  "p95_drift": 15.008199886333902,
  "mean_latency_ms": 0.03338540904223919
}