{
  "violation_rate": 0.835,
  "collision_rate": 0.0,
  "mean_drift": 17.789888210396125,
  "p95_drift": 32.16434955515868,
  "mean_latency_ms": 10.486018566298299
}