{
  "violation_rate": 0.0,
  "collision_rate": 0.0,
  "mean_drift": 12.796082377917745,
  "p95_drift": 26.287016333004896,
  "mean_latency_ms": 0.03465876478003338
}