{
  "violation_rate": 0.92,
  "collision_rate": 0.0,
  "mean_drift": 10.071094785530637,
  "p95_drift": 23.70607692529687,
  "mean_latency_ms": 10.750028330367059
}