{
  "violation_rate": 0.0,
  "collision_rate": 0.0,
  "mean_drift": 11.292144260800383,
  "p95_drift": 20.6922835472706,
  "mean_latency_ms": 0.03356081710080616
}