{
  "violation_rate": 0.875,
  "collision_rate": 0.0,
  "mean_drift": 8.976851668321084,
  "p95_drift": 37.33172513613225,
  "mean_latency_ms": 9.325044378492748
}