{
  "violation_rate": 0.0,
  "collision_rate": 0.0,
  "mean_drift": 8.985572694145926,
  "p95_drift": 21.78448299262287,
  "mean_latency_ms": 0.036415984941413626
}