{
  "violation_rate": 0.84,
  "collision_rate": 0.0,
  "mean_drift": 15.690602410184486,
  "p95_drift": 36.68010704395844,
  "mean_latency_ms": 10.57778562346357
}