{
  "violation_rate": 0.0,
  "collision_rate": 0.0,
  "mean_drift": 11.259681931706702,
  "p95_drift": 31.721503219518823,
  "mean_latency_ms": 0.0348268894595094
}