{
  "violation_rate": 0.0,
  "collision_rate": 0.0,
  "mean_drift": 16.604665113653784,
  "p95_drift": 23.708036974135524,
  "mean_latency_ms": 0.03477148085949011
}